No,Style Category,Type,Keywords,Primary Colors,Secondary Colors,Effects & Animation,Best For,Do Not Use For,Light Mode ✓,Dark Mode ✓,Performance,Accessibility,Mobile-Friendly,Conversion-Focused,Framework Compatibility,Era/Origin,Complexity,AI Prompt Keywords,CSS/Technical Keywords,Implementation Checklist,Design System Variables
1,Minimalism & Swiss Style,General,"Clean, simple, spacious, functional, white space, high contrast, geometric, sans-serif, grid-based, essential","Monochromatic, Black #000000, White #FFFFFF","Neutral (Beige #F5F1E8, Grey #808080, Taupe #B38B6D), Primary accent","Subtle hover (200-250ms), smooth transitions, sharp shadows if any, clear type hierarchy, fast loading","Enterprise apps, dashboards, documentation sites, SaaS platforms, professional tools","Creative portfolios, entertainment, playful brands, artistic experiments",✓ Full,✓ Full,⚡ Excellent,✓ WCAG AAA,✓ High,◐ Medium,"Tailwind 10/10, Bootstrap 9/10, MUI 9/10",1950s Swiss,Low,"Design a minimalist landing page. Use: white space, geometric layouts, sans-serif fonts, high contrast, grid-based structure, essenttial elements only. Avoid shadows and gradients. Focus on clarity and functionality.","display: grid, gap: 2rem, font-family: sans-serif, color: #000 or #FFF, max-width: 1200px, clean borders, no box-shadow unless necessary","☐ Grid-based layout 12-16 columns, ☐ Typography hierarchy clear, ☐ No unnecessary decorations, ☐ WCAG AAA contrast verified, ☐ Mobile responsive grid","--spacing: 2rem, --border-radius: 0px, --font-weight: 400-700, --shadow: none, --accent-color: single primary only"
2,Neumorphism,General,"Soft UI, embossed, debossed, convex, concave, light source, subtle depth, rounded (12-16px), monochromatic","Light pastels: Soft Blue #C8E0F4, Soft Pink #F5E0E8, Soft Grey #E8E8E8","Tints/shades (±30%), gradient subtlety, color harmony","Soft box-shadow (multiple: -5px -5px 15px, 5px 5px 15px), smooth press (150ms), inner subtle shadow","Health/wellness apps, meditation platforms, fitness trackers, minimal interaction UIs","Complex apps, critical accessibility, data-heavy dashboards, high-contrast required",✓ Full,◐ Partial,⚡ Good,⚠ Low contrast,✓ Good,◐ Medium,"Tailwind 8/10, CSS-in-JS 9/10",2020s Modern,Medium,"Create a neumorphic UUI with soft 3D effects. Use light pastels, rounded corners (12-16px), subtle soft shadows (multiple layers), no hard lines, monochromatic color scheme with light/dark variations. Embossed/debossed effect on interactive elements.","border-radius: 12-16px, box-shadow: -5px -5px 15px rgba(0,0,0,0.1), 5px 5px 15px rgba(255,255,255,0.8), background: linear-gradient(145deg, color1, color2), transform: scale on press","☐ Rounded corners 12-16px consistent, ☐ Multiple shadow layers (2-3), ☐ Pastel color verified, ☐ Monochromatic palette checked, ☐ Press animation smooth 150ms","--border-radius: 14px, --shadow-soft-1: -5px -5px 15px, --shadow-soft-2: 5px 5px 15px, --color-light: #F5F5F5, --color-primary: single pastel"
3,Glassmorphism,General,"Frosted glass, transparent, blurred background, layered, vibrant background, light source, depth, multi-layer","Translucent white: rgba(255,255,255,0.1-0.3)","Vibrant: Electric Blue #0080FF, Neon Purple #8B00FF, Vivid Pink #FF1493, Teal #20B2AA","Backdrop blur (10-20px), subtle border (1px solid rgba white 0.2), light reflection, Z-depth","Modern SaaS, financial dashboards, high-end corporate, lifestyle apps, modal overlays, navigation","Low-contrast backgrounds, critical accessibility, performance-limited, dark text on dark",✓ Full,✓ Full,⚠ Good,⚠ Ensure 4.5:1,✓ Good,✓ High,"Tailwind 9/10, MUI 8/10, Chakra 8/10",2020s Modern,Medium,"Design a glassmorphic interface with frosted glass effect. Use backdrop blur (10-20px), translucent overlays (rgba 10-30% opacity), vibrant background colors, subtle borders, light source reflection, layered depth. Perfect for modern overlays and cards.","backdrop-filter: blur(15px), background: rgba(255, 255, 255, 0.15), border: 1px solid rgba(255,255,255,0.2), -webkit-backdrop-filter: blur(15px), z-index layering for depth","☐ Backdrop-filter blur 10-20px, ☐ Translucent white 15-30% opacity, ☐ Subtle border 1px light, ☐ Vibrant background verified, ☐ Text contrast 4.5:1 checked","--blur-amount: 15px, --glass-opacity: 0.15, --border-color: rgba(255,255,255,0.2), --background: vibrant color, --text-color: light/dark based on BG"
4,Brutalism,General,"Raw, unpolished, stark, high contrast, plain text, default fonts, visible borders, asymmetric, anti-design","Primary: Red #FF0000, Blue #0000FF, Yellow #FFFF00, Black #000000, White #FFFFFF","Limited: Neon Green #00FF00, Hot Pink #FF00FF, minimal secondary","No smooth transitions (instant), sharp corners (0px), bold typography (700+), visible grid, large blocks","Design portfolios, artistic projects, counter-culture brands, editorial/media sites, tech blogs","Corporate environments, conservative industries, critical accessibility, customer-facing professional",✓ Full,✓ Full,⚡ Excellent,✓ WCAG AAA,◐ Medium,✗ Low,"Tailwind 10/10, Bootstraap 7/10",1950s Brutalist,Low,"Create a brutalist design with raw, unpolished, stark aesthetic. Use pure primary colors (red, blue, yellow), black & white, no smooth transitions (instant), sharp corners, bold large typography, visible grid lines, default system fonts, intentional 'broken' design elements.","border-radius: 0px, transition: none or 0s, font-family: system-ui or monospace, font-weight: 700+, border: visible 2-4px, colors: #FF0000, #0000FF, #FFFF00, #000000, #FFFFFF","☐ No border-radius (0px), ☐ No transitions (instant), ☐ Bold typography (700+), ☐ Pure primary colors used, ☐ Visible grid/borders, ☐ Asymmetric layout intentional","--border-radius: 0px, --transition-duration: 0s, --font-weight: 700-900, --colors: primary only, --border-style: visible, --grid-visible: true"
5,3D & Hyperrealism,General,"Depth, realistic textures, 3D models, spatial navigation, tactile, skeuomorphic elements, rich detail, immersive","Deep Navy #001F3F, Forest Green #228B22, Burgundy #800020, Gold #FFD700, Silver #C0C0C0","Complex gradients (5-10 stops), realistic lighting, shadow variations (20-40% darker)","WebGL/Three.js 3D, realistic shadows (layers), physics lighting, parallax (3-5 layers), smooth 3D (300-400ms)","Gaming, product showcase, immersive experiences, high-end e-commerce, architectural viz, VR/AR","Low-end mobile, performance-limited, critical accessibility, data tables/forms",◐ Partial,◐ Partial,❌ Poor,⚠ Not accessible,✗ Low,◐ Meedium,"Three.js 10/10, R3F 10/10, Babylon.js 10/10",2020s Modern,High,"Build an immersive 3D interface using realistic textures, 3D models (Three.js/Babylon.js), complex shadows, realistic lighting, parallax scrolling (3-5 layers), physics-based motion. Include skeuomorphic elements with tactile detail.","transform: translate3d, perspective: 1000px, WebGL canvas, Three.js/Babylon.js library, box-shadow: complex multi-layer, background: complex gradients, filter: drop-shadow()","☐ WebGL/Three.js integrated, ☐ 3D models loaded, ☐ Parallax 3-5 layers, ☐ Realistic lighting verified, ☐ Complex shadows rendered, ☐ Physics animation smooth 300-400ms","--perspective: 1000px, --parallax-layers: 5, --lighting-intensity: realistic, --shadow-depth: 20-40%, --animation-duration: 300-400ms"
6,Vibrant & Block-based,General,"Bold, energetic, playful, block layout, geometric shapes, high color contrast, duotone, modern, energetic","Neon Green #39FF14, Electric Purple #BF00FF, Vivid Pink #FF1493, Bright Cyan #00FFFF, Sunburst #FFAA00","Complementary: Orange #FF7F00, Shocking Pink #FF006E, Lime #CCFF00, triadic schemes","Large sections (48px+ gaps), animated patterns, bold hover (color shift), scroll-snap, large type (32px+), 200-300ms","Startups, creative agencies, gaming, social media, youth-focused, entertainment, consumer","Financial institutions, healthcare, formal business, government, conservative, elderly",✓ Full,✓ Full,⚡ Good,◐ Ensure WCAGG,✓ High,✓ High,"Tailwind 10/10, Next.js 10/10, Vue 9/10",2020s Modern,Low,"Design a vibrant and block-based interface. Use bold energetic colors, large geometric blocks, high contrast, duotone effects, large typography (32px+), animated background patterns, scroll-snap for sections, and energetic hover effects.","display: flex, flex-direction: column, gap: 48px, background-color: #39FF14, font-size: 3rem, border-radius: 0px, scroll-snap-type: y mandatory","☐ Bold colors verified, ☐ Large geometric blocks used, ☐ High contrast checked, ☐ Large typography 32px+, ☐ Animated patterns included, ☐ Scroll-snap implemented","--spacing-large: 48px, --font-size-hero: 32px+, --primary-neon: #39FF14, --secondary-neon: #BF00FF, --radius: 0px"
7,Aurora UI,General,"Gradients, organic, ethereal, flowing, soft, vibrant, ambient, multi-color, blurred, background-focused","Deep Purple #4B0082, Indigo #4B0082, Cyan #00FFFF, Pink #FF1493","Soft transitions, ambient light, blurred shapes (60-100px)","Animated gradients (5-10s), blur filter (60px+), soft entry (fade-in 500ms), organic motion, subtle layering","Landing pages, app backgrounds, creative tools, premium SaaS, music/entertainment apps, marketing sites","Data-dense dashboards, professional tools, technical documentation, high-performance required",✓ Full,✓ Full,⚠ Good,⚠ Text contrast,✓ High,✓ High,"Tailwind 9/10, CSS 10/10, Framer Motion 10/10",2020s Modern,Medium,"Create an Aurora UI effect. Use deep organic gradients, flowing ethereal shapes, ambient light, multi-color blurred backgrounds (60px+ blur), animated transitions between colors (5-10s loop), and soft fade-in effects. Background is the focus.","background: radial-gradient(at 0% 0%, hsla(253,16%,7%,1) 0, transparent 50%), radial-gradient(at 50% 0%, hsla(225,39%,30%,1) 0, transparent 50%), filter: blur(60px), animation: aurora 10s infinite alternate","☐ Organic gradients verified, ☐ Blur filter 60px+ applied, ☐ Multi-color palette checked, ☐ Ambient light effect visible, ☐ Smooth color animation 5s+, ☐ Text contrast checked against BG","--aurora-blur: 80px, --animation-speed: 8s, --color-1: hsla(253,16%,7%,1), --color-2: hsla(225,39%,30%,1)"
8,Minimalism (Swiss Modernism 2.0),General,"Precision, asymmetrical grid, typographic focus, functional, high-end, editorial, clean, structured, neutral","Pure Black #000000, Pure White #FFFFFF","Neutral Gray #F5F5F5, Accent Vermillion #FF4500","Hard grid (12-24 cols), tight tracking (-1 to -2%), massive leading (1.4-1.6x), no shadows, sharp edges, instant interactions","Luxury brands, design agencies, high-end architecture, editorial sites, premium products, portfolios","E-commerce, budget brands, playful consumer apps, data-dense enterprise",✓ Full,✓ Full,⚡ Excellent,✓ WCAG AAA,✓ High,◐ Medium,"Tailwind 10/10, CSS Grid 10/10",2020s Evolution,Low,"Design using Swiss Modernism 2.0. Focus on precision, asymmetrical grids, massive typography hierarchy, white space, neutral colors with a single sharp accent. No shadows, no rounded corners, no gradients. Editorial feel.","display: grid, grid-template-columns: repeat(24, 1-fr), font-family: 'Inter', letter-spacing: -0.02em, line-height: 1.5, border: 1px solid #000","☐ 12-24 column grid used, ☐ Typography hierarchy (80/40/20/16), ☐ No shadows/gradients, ☐ Sharp edges 0px, ☐ Single accent color verified, ☐ High contrast B&W base","--grid-cols: 24, --radius: 0px, --leading: 1.5, --tracking: -0.02em, --accent: #FF4500"
9,Neubrutalism,General,"Bold, thick borders, high-contrast, pop-art, vibrant, raw, shadow-offset, playfull, energetic, anti-polish","Bright Yellow #FACC15, Hot Pink #F472B6, Lime #A3E635","Pure Black #000000 (borders/shadows), White #FFFFFF","Thick black borders (2-4px), hard offset shadows (4-8px, no blur), high-saturation, bold sans-serif, rapid feedback (100ms)","Startups, Gen-Z brands, creative tools, fintech (modern), marketing, events, blogs","Traditional finance, healthcare, professional corporate, government, high-density tools",✓ Full,✗ Poor,⚡ Good,✓ High,✓ High,✓ High,"Tailwind 10/10, Component libs (Neo) 10/10",2020s Trend,Low,"Design a Neubrutalist interface. Use bold vibrant colors, thick black borders (2-4px) on everything, hard offset shadows (4-8px) with no blur, high contrast, pop-art feel, and rapid interaction feedback. No rounded corners except for buttons (max 4px).","border: 3px solid #000, box-shadow: 6px 6px 0px #000, background-color: #FACC15, font-family: 'Lexend', font-weight: 800","☐ 3px+ black borders used, ☐ Hard offset shadows (no blur), ☐ High saturation colors, ☐ Bold sans-serif 800+, ☐ Sharp corners 0-4px, ☐ Rapid hover feedback 100ms","--border-width: 3px, --shadow-offset: 6px, --primary: #FACC15, --ink: #000, --radius: 0px"
10,Motion-Driven (Kinetic),General,"Animation, interaction, feedback, fluid, storytelling, immersive, playful, dynamic, reactive, high-energy","Brand Primary (High Saturation)","Supporting Neutral Palette","Scroll-triggered animations, micro-interactions (50-150ms), page transitions (300ms), physics-based motion (spring), Lottie/SVG","Marketing sites, storytelling apps, creative portfolios, gaming, high-engagement consumer apps","Data entry forms, high-density professional tools, healthcare, performance-critical low-end",✓ Full,✓ Full,⚠ Moderate,✓ High,✓ High,✓ High,"Framer Motion 10/10, GSAP 10/10, Reanimated 10/10",2020s Modern,High,"Create a motion-driven kinetic interface. Use scroll-triggered animations, fluid micro-interactions, seamless page transitions, and high-energy reactive elements. Focus on storytelling through motion. Use spring physics for all interactions.","framer-motion, motion.div, initial={{ opacity: 0 }}, whileInView={{ opacity: 1 }}, transition={{ type: 'spring' }}","☐ Spring physics used (no linear), ☐ Scroll-triggered animations, ☐ Micro-interactions <150ms, ☐ Page transitions seamless, ☐ High-energy feel verified, ☐ Performance checked (FPS)","--animation-spring: type: spring, --duration-fast: 150ms, --duration-page: 300ms, --motion-stiffness: 100"
11,Accessible & Ethical (Universal),General,"Inclusive, high contrast, clear, readable, simple, user-centered, diverse, ethical, low-cognitive","WCAG Compliant (Contrast 4.5:1 / 7:1)","Supportive neutrals, focus indicators","Clear focus states, large touch targets (44px+), no dark patterns, simplified navigation, readable font size (16px+)","Government sites, healthcare, public service, education, banking, utility apps, elder-care","High-speed trading, experimental creative, gaming, entertainment-first sites",✓ Full,✓ Full,⚡ Excellent,✓ WCAG AAA,✓ High,◐ Medium,"Tailwind (A11y) 10/10, Radix UI 10/10",2020s Standard,Low,"Design for accessibility and ethical standards. Prioritize high contrast (WCAG AAA), clear readability, large touch targets (44px+), no dark patterns, and simple navigation. Ensure focus states are highly visible.","font-size: 1.125rem, line-height: 1.6, focus: outline 2px solid primary, aria-labels, alt text, contrast: 7:1","☐ WCAG AAA contrast (7:1), ☐ Touch targets ≥ 44x44px, ☐ Focus states highly visible, ☐ No dark patterns verified, ☐ Readable font size 16px+, ☐ Alt-text and ARIA labels checked","--min-touch: 44px, --line-height: 1.6, --font-size-base: 18px, --contrast-ratio: 7:1"
12,Organic Biophilic,General,"Nature-inspired, curves, soft, earthy, green, sustainable, calm, flowing, natural textures, eco","Leaf Green #228B22, Sky Blue #87CEEB, Earth Brown #8B4513","Sage #9C9F84, Sand #F4A460, Terracotta #E2725B","Soft easing (600ms), parallax (subtle), curved borders (999px), organic shapes (SVG), soft grain/texture","Sustainable brands, wellness apps, outdoor apps, food/agriculture, meditation, non-profits","Fintech, cybersecurity, high-tech SaaS, industrial tools, technical products",✓ Full,◐ Partial,⚡ Good,✓ High,✓ High,◐ Medium,"Tailwind 8/10, SVG 10/10",2020s Modern,Medium,"Design with organic biophilic elements. Use nature-inspired colors, flowing soft curves, earthy tones, sustainable imagery, and natural textures. Use soft easing for transitions and organic SVG shapes for layouts.","border-radius: 999px, clip-path: url(#organic-blob), background: url('grain.png'), transition: ease-in-out 600ms","☐ Nature-inspired palette, ☐ Organic SVG shapes used, ☐ Soft curves 999px applied, ☐ Natural textures visible, ☐ Soft easing 600ms+, ☐ Eco-friendly feel verified","--radius-organic: 999px, --easing-soft: 600ms, --color-leaf: #228B22, --texture-opacity: 0.05"
13,Flat Design + Vibrant & Block,General,"Modern, clean, colorful, structured, energetic, grid-based, bold iconography, 2D, minimal shadows","Vivid Pink #FF007F, Electric Blue #007FFF","High contrast neutral, secondary vibrants","Sharp 2D layout, no gradients, minimal box-shadow (soft, large), bold iconography, rapid hover (150ms)","Startups, e-commerce, social apps, task managers, consumer SaaS, marketing pages","Luxury, high-end exclusive, formal banking, traditional corporate, government",✓ Full,✓ Full,⚡ Excellent,✓ High,✓ High,✓ High,"Tailwind 10/10, Bootstrap 9/10",2010s-2020s,Low,"Design a flat but vibrant interface. Use bold colors, clean 2D layouts, structured grids, and energetic typography. No gradients, and use only very soft, large box-shadows for depth. Focus on icons and color blocking.","background-color: #007FFF, border-radius: 8px, box-shadow: 0 10px 25px rgba(0,0,0,0.1), no-gradient","☐ Vibrant color blocking used, ☐ 2D layout (no bevels/gradients), ☐ Soft large shadows only, ☐ Bold iconography used, ☐ Structured grid verified, ☐ Rapid feedback 150ms","--primary-vibrant: #007FFF, --shadow-soft: 0 10px 25px rgba(0,0,0,0.1), --radius: 8px, --font-bold: 700"
14,Dark Mode (OLED) + Data-Dense,General,"High performance, premium, battery-safe, data-heavy, professional, technical, high-contrast, black","Pure Black #000000, Deep Grey #121212","Primary accent (Cyan #00FFFF, Green #39FF14), Secondary Muted","Subtle glowing borders, high-density grids, fast data loading, real-time updates, clear hierarchy, 100ms transitions","Fintech, trading, cybersecurity, dev tools, professional dashboards, analytics platforms, crypto","Children apps, healthcare (patients), low-end mobile, daytime-only apps, outdoors utility",✗ Poor,✓ Full,⚡ Excellent,✓ High (if contrast tuned),✓ High,✓ High,"Tailwind 10/10, MUI 10/10",2020s Standard,Medium,"Design a data-dense OLED dark mode interface. Use pure black #000000, deep grays, and high-contrast vibrant accents (cyan, neon green). Focus on data density, real-time updates, and subtle glowing borders for hierarchy.","background-color: #000, color: #FFF, border: 1px solid #333, accent-color: #00FFFF, density: tight","☐ Pure black #000 background, ☐ Data density maximized (small gaps), ☐ High contrast accents verified, ☐ Real-time update feel (fast), ☐ Subtle glowing borders used, ☐ Accessible contrast checked","--bg-oled: #000, --accent-neon: #00FFFF, --border-glow: 1px solid rgba(0,255,255,0.2), --spacing-dense: 4px"
15,Soft UI Evolution,General,"Soft shadows, pastel, rounded (24px+), calm, approachable, modern, subtle depth, high white space","Soft Violet #8B5CF6, Soft Blue #60A5FA","Clean White #FFFFFF, Muted Grey #F3F4F6","Soft multiple shadows (large blur), slow easing (400-500ms), rounded containers (24px+), subtle gradients (2-stop)","SaaS for creatives, productivity tools, lifestyle apps, wellness, education, approachable professional","Trading platforms, data-heavy tools, brutalist brands, counter-culture projects",✓ Full,◐ Partial,⚡ Good,✓ High,✓ High,✓ High,"Tailwind 9/10, MUI 9/10",2020s Modern,Low,"Design using Soft UI Evolution. Use soft shadows with large blurs, pastel primary colors, rounded corners (24px+), and high white space. Interactions should be calm with slow easing. Subtlety and approachability are key.","box-shadow: 0 20px 40px rgba(0,0,0,0.05), border-radius: 24px, background: #FFF, padding: 2rem","☐ Soft shadows large blur (20-40px), ☐ Pastel primaries used, ☐ Rounded corners 24px+, ☐ High white space verified, ☐ Calm interaction feel, ☐ Approachable professional tone","--radius-large: 24px, --shadow-soft: 0 20px 40px rgba(0,0,0,0.05), --primary-pastel: #8B5CF6, --easing-calm: 450ms"
16,Claymorphism,General,"3D, bubbly, playful, tactile, rounded, soft, friendly, cartoonish, depth, floating","Vibrant Pink #FF69B4, Bright Blue #00BFFF","Lighter shades (inner shadow), White (highlights)","Inner shadows (simulating 3D), outer soft shadows, floating animations, squishy press effect (100ms)","Children apps, education, gaming, creative startups, playful brands, Gen-Z marketing","Professional finance, healthcare (doctors), government, technical documentation, minimal high-end",✓ Full,✗ Poor,⚠ Moderate,⚠ Low contrast,✓ High,◐ Medium,"Tailwind 8/10, CSS-in-JS 9/10",2020s Modern,Medium,"Design a claymorphic interface. Use 3D bubbly shapes, playful colors, tactile inner shadows, and floating animations. Add a 'squishy' effect to interactive elements. Focus on a friendly and approachable 'toy-like' feel.","border-radius: 32px, box-shadow: inset -4px -4px 8px rgba(0,0,0,0.1), inset 4px 4px 8px rgba(255,255,255,0.8), 8px 8px 16px rgba(0,0,0,0.05)","☐ 3D bubbly shapes verified, ☐ Inner shadows for depth, ☐ Playful vibrant colors used, ☐ Floating animations included, ☐ Squishy press effect 100ms, ☐ Friendly toy-like feel","--radius-bubbly: 32px, --shadow-clay-inner: inset -4px -4px 8px, --shadow-clay-outer: 8px 8px 16px, --primary-vibrant: #FF69B4"
17,Cyberpunk UI,General,"Futuristic, high-tech, neon, glitch, data-dense, dark mode, high contrast, industrial, sci-fi","Neon Green #39FF14, Cyan #00FFFF, Magenta #FF00FF","Pure Black #000000, Deep Grey #121212, Warning Orange #FF7F00","Glitch animations, neon glows, scanlines, digital noise, hard edges, terminal prompts, rapid interactions","Gaming, tech startups, dev tools, futuristic apps, crypto platforms, event sites","Healthcare, wellness, conservative corporate, children apps, minimal editorial",✗ Poor,✓ Full,⚠ Moderate,⚠ High cognitive load,✓ High,✓ High,"Tailwind 9/10, GSAP 10/10",Cyber-retro-futurism,High,"Design a cyberpunk interface. Use neon greens/cyans/magentas on a pure black background. Include glitch animations, neon glows, scanlines, and digital noise effects. Use hard edges and terminal-inspired typography. Data-dense and high-tech feel.","background-color: #000, text-shadow: 0 0 5px #39FF14, animation: glitch 1s infinite, border: 1px solid #39FF14","☐ Neon color palette used, ☐ Glitch animations included, ☐ Scanlines/noise visible, ☐ Terminal-inspired fonts, ☐ Neon glows verified, ☐ High-tech industrial feel","--bg-cyber: #000, --neon-primary: #39FF14, --glow-strength: 5px, --glitch-speed: 1s"
18,Liquid Glass,General,"Premium, fluid, blurred, vibrant, modern, smooth, high-end, organic gradients, glass depth","Vibrant Pink #FF1493, Electric Blue #1E90FF","Translucent overlays, White #FFFFFF (reflections)","Complex organic gradients (animated), backdrop blur (20-30px), multi-layer depth, smooth entry transitions (600ms)","Luxury brands, high-end portfolios, creative agencies, premium product landing pages, lifestyle apps","Performance-limited sites, data-heavy dashboards, professional tools, technical docs",✓ Full,✓ Full,⚠ Moderate–Heavy,⚠ Text contrast,✓ High,✓ High,"Tailwind 8/10, Framer Motion 10/10",2020s Modern,High,"Design using Liquid Glass. Focus on premium fluid gradients that are animated. Use deep backdrop blurs (20-30px) and multi-layer depth. Transitions should be exceptionally smooth (600ms). Use vibrant colors with translucent reflections.","backdrop-filter: blur(25px), background: linear-gradient(135deg, rgba(255,255,255,0.1), rgba(255,255,255,0.05)), animation: liquid 10s infinite alternate","☐ Animated organic gradients, ☐ Deep backdrop blur 20-30px, ☐ Multi-layer glass depth, ☐ Smooth transitions 600ms+, ☐ High-end premium feel, ☐ Vibrant but balanced colors","--blur-deep: 25px, --glass-gradient: rgba(255,255,255,0.1), --animation-liquid: 10s, --transition-smooth: 600ms"
19,Bento Box Grid,General,"Modular, organized, hierarchy, clean, mobile-inspired, card-based, structured, modern, efficient","Neutral Base (White/Grey/Black)","Brand Primary accent","Modular grid cards (variable sizes), rounded corners (12-16px), subtle borders (1px), hover lift (scale 1.02), clear spacing (16-24px)","Dashboards, feature sections, portfolios, product showcases, landing pages, mobile apps","Storytelling-first, editorial sites, artistic experiments, low-data minimal","✓ Full","✓ Full","⚡ Excellent","✓ High","✓ High","✓ High","Tailwind 10/10, CSS Grid 10/10","2020s Apple-style",Low,"Design a Bento Box grid layout. Use modular cards of variable sizes to create hierarchy. Cards should have rounded corners (12-16px) and subtle borders. Add a slight lift (scale 1.02) on hover. Ensure consistent spacing (16-24px).","display: grid, grid-template-columns: repeat(auto-fit, minmax(200px, 1fr)), border-radius: 12px, border: 1px solid #eee","☐ Modular card hierarchy verified, ☐ Consistent spacing (16-24px), ☐ Rounded corners 12-16px, ☐ Subtle borders (1px), ☐ Hover lift effect scale 1.02, ☐ Organized clean grid","--spacing-grid: 24px, --radius-bento: 12px, --border-light: 1px solid #eee, --hover-scale: 1.02"
20,Zero Interface (AI-Native),General,"Minimalist, conversational, focus, generative, invisible UI, streaming text, prompt-centric, high-utility","Monochromatic / AI Purple #6366F1","Accent (System Blue/Green)","Streaming text (AI speed), subtle cursor pulse, minimal chrome (buttons/borders), rapid focus (tab/command+k), high performance","AI platforms, search tools, developer assistants, command-line interfaces, productivity tools, chatbots","E-commerce, landing pages, visual showcases, entertainment, traditional SaaS","✓ Full","✓ Full","⚡ Excellent","✓ WCAG AAA","✓ High","◐ Medium","Tailwind 10/10, Shadcn UI 10/10","2020s AI Era",Low,"Design a Zero Interface (AI-Native) UI. Focus on the conversation/prompt. Minimize chrome (buttons, bars, borders). Use streaming text for AI responses, a subtle pulsing cursor, and rapid focus shortcuts. Invisible UI until needed.","max-width: 800px, font-family: sans-serif, border: none, background: transparent, transition: fade-in 200ms","☐ Minimal chrome verified (no bars), ☐ Conversational/prompt focus, ☐ Streaming text animation, ☐ Subtle cursor pulse, ☐ Rapid keyboard focus shortcuts, ☐ Clean minimalist typography","--max-width: 800px, --ai-primary: #6366F1, --pulse-duration: 1.5s, --font-size-chat: 16px"
21,Retro-Futurism,General,"Vintage high-tech, CRT, neon, 80s, synthwave, digital, nostalgic, grid lines, glowing text","Neon Purple #8B00FF, Cyber Cyan #00FFFF, Electric Pink #FF00FF","Deep Black #000000, Navy #000080","Scanlines, glowing text (blur), CRT distortion (subtle), grid floors (3D perspective), VHS noise, instant feedback","Gaming, music apps, niche creative tools, event sites, entertainment, tech blogs","Corporate SaaS, banking, healthcare, government, mainstream professional sites","✗ Poor","✓ Full","⚠ Moderate","⚠ High cognitive load","✓ High","◐ Medium","Tailwind 9/10, Three.js 10/10","80s Synthwave",High,"Design a Retro-Futurist interface. Use neon purples/cyans/pinks on a deep dark background. Include scanlines, glowing text, CRT distortion, and grid floors in perspective. Focus on 80s synthwave aesthetics and nostalgia.","filter: blur(1px), text-shadow: 0 0 10px #8B00FF, background: radial-gradient(#000, #000080)","☐ Neon 80s color palette, ☐ Scanlines/noise implemented, ☐ Glowing text effects, ☐ Perspective grid floor visible, ☐ CRT/VHS distortion effects, ☐ High-energy nostalgic feel","--bg-retro: #000, --neon-glow: #8B00FF, --grid-color: #00FFFF, --distortion-level: low"
22,Flat Design (Modern Evolution),General,"Clean, structured, 2D, colored surfaces, geometric, scalable, efficient, clear hierarchy, modern typography","Solid Brand Colors","Neutral supportive shades","Zero gradients, zero shadows (or single very soft), bold iconography, rapid hover (100ms), structured layout","Utility apps, mobile tools, admin panels, documentation, task managers, cross-platform apps","Luxury brands, high-end creative, artistic storytelling, immersive experiences","✓ Full","✓ Full","⚡ Excellent","✓ High","✓ High","✓ High","Tailwind 10/10, Bootstrap 10/10","2010s-Present",Low,"Design using Modern Flat Design. Use solid colored surfaces, structured geometric layouts, and modern clean typography. No gradients, no shadows (or single very soft). Focus on efficiency and clear hierarchy through color blocking.","background-color: #3b82f6, border-radius: 4px, border: none, box-shadow: none, font-weight: 500","☐ Solid color surfaces (no gradients), ☐ Zero or minimal soft shadows, ☐ Structured geometric grid, ☐ Clean modern typography 500+, ☐ High efficiency layout, ☐ Mobile-friendly simplicity","--primary: #3b82f6, --radius: 4px, --shadow-none: none, --spacing-base: 16px"
23,Holographic / HUD,General,"Transparent, high-tech, blue/cyan, tactical, data-dense, military, precision, futuristic, overlay","Cyber Cyan #00D4FF, Electric Blue #007AFF","Deep Void #050510, Alert Red #FF3B30","Backdrop blur (10px), scanlines (low opacity), data-dense overlays, corner brackets, glowing text, rapid scrolling data","Dashboards, cybersecurity, gaming, high-tech tools, aerospace, complex monitoring","Lifestyle apps, minimal creative, healthcare (patients), e-commerce, general consumer","✗ Poor","✓ Full","⚠ Moderate","⚠ High density complexity","✓ High","◐ Medium","Tailwind 9/10, CSS 10/10","Sci-Fi Cinema",High,"Design a Holographic HUD interface. Use transparent cyan/blue overlays on a deep void background. Include backdrop blurs, scanlines, data-dense grids, corner brackets, and glowing data points. Tactical and high-precision feel.","backdrop-filter: blur(10px), border: 1px solid rgba(0, 212, 255, 0.3), font-family: 'JetBrains Mono'","☐ Transparent holographic overlays, ☐ Deep void background #050510, ☐ Scanlines visible, ☐ Corner brackets on cards, ☐ Data-dense precision grid, ☐ Glowing cyan text verified","--hud-cyan: #00D4FF, --blur-glass: 10px, --border-tactical: 1px solid rgba(0,212,255,0.3)"
24,Kinetic Typography,General,"Typographic, motion, bold, scale, contrast, black & white, editorial, aggressive, impactful","Monochromatic (Black/White)","Single vibrant accent (Red/Yellow)","Scaling text on scroll, infinite marquees, rotating text, high-contrast intersections, rapid movement, no images","Editorial, creative agencies, fashion, event sites, bold branding, portfolios","Data entry, complex SaaS, professional tools, technical documentation, utilities","✓ Full","✓ Full","⚡ Good (if optimized)","⚠ Motion sensitive","✓ High","◐ Medium","Tailwind 9/10, Framer Motion 10/10","2020s High Fashion",High,"Design a Kinetic Typography interface. Use massive black & white typography as the primary visual. Include infinite marquees, scaling text on scroll, and rotating elements. Minimal use of images. High impact and aggressive editorial feel.","font-size: 10rem, font-weight: 900, text-transform: uppercase, overflow: hidden, white-space: nowrap","☐ Massive typography hierarchy, ☐ Infinite marquee implemented, ☐ Scroll-scale animations, ☐ Black & White primary palette, ☐ Minimal to no images, ☐ High impact editorial tone","--font-size-hero: 10rem, --font-weight: 900, --marquee-speed: 20s"
25,Organic 2.0 (Biological),General,"Flowing, cellular, microscopic, fluid, green/teal, nature, smooth, soft depth, biomimicry","Nature Green #10B981, Deep Teal #0D9488","Soft Sage #F0FDF4, Earthy Neutrals","Organic liquid motion, SVG morphing shapes, cellular patterns, soft ambient glows, smooth easing (800ms)","Wellness, sustainability, biotech, healthcare (innovation), science apps, eco-brands","Fintech, cybersecurity, industrial tools, traditional SaaS, high-speed apps","✓ Full","◐ Partial","⚠ Moderate","✓ High","✓ High","◐ Medium","Tailwind 8/10, SVG 10/10, Framer Motion 9/10","2020s Modern",Medium,"Design using Organic 2.0 principles. Use flowing cellular shapes, microscopic-inspired patterns, and natural greens/teals. Morphing SVG shapes and liquid motion are key. Easing should be very smooth and slow (800ms+).","clip-path: circle(50% at 50% 50%), filter: blur(40px), transition: all 1s ease-in-out, background: hsla(160, 80%, 40%, 0.1)","☐ Cellular/flowing shapes verified, ☐ Morphing SVG animations, ☐ Nature green/teal palette, ☐ Soft ambient glows visible, ☐ Slow smooth easing 800ms+, ☐ Biological/organic feel","--radius-liquid: 50%, --easing-organic: 1s, --blur-glow: 40px, --primary-nature: #10B981"
26,Neubrutalism (Mobile First),Mobile,"Bold, thick borders, pop-art, high-energy, mobile-friendly, large buttons, thumb-zone focus","Bright Yellow #FACC15, Electric Purple #A855F7","Pure Black #000000 (borders), White #FFFFFF","Thick borders (3-4px), hard offset shadows (6px), large touch targets (50px+), bottom-focused navigation, rapid haptic feedback","Startups, Gen-Z mobile apps, consumer tech, events, gaming, creative tools","Enterprise mobile, healthcare, formal finance, government mobile tools","✓ Full","✗ Poor","⚡ Excellent","✓ High","✓ High (Touch)","✓ High","React Native 10/10, Flutter 9/10","2020s Trend",Low,"Design a mobile-first Neubrutalist app. Use bold colors, 3-4px black borders, hard offset shadows (6px), and large touch targets (50px+). Focus on bottom-zone navigation for easy thumb reach. Rapid feedback and high energy.","border-width: 4px, box-shadow: 6px 6px 0px #000, min-height: 56px, background-color: #FACC15","☐ 4px black borders used, ☐ Hard offset shadow (no blur), ☐ Large touch targets ≥ 50px, ☐ Bottom-zone navigation focus, ☐ High saturation color palette, ☐ Rapid feedback verified","--border-thick: 4px, --shadow-offset: 6px, --touch-target: 56px, --bg-neon: #FACC15"
27,Swiss Modernism (Mobile),Mobile,"Grid-based, typographic, structured, clean, high-end, documentation, neutral, professional","Pure Black #000000, Off-White #FAFAFA","Accent Vermillion #FF4500, Slate Grey","Tight grid (8-16 columns), typography-first hierarchy, zero shadows, sharp borders (1px), fast performance, high readability","Productivity apps, notes, documentation, professional tools, high-end mobile portfolios","Playful consumer apps, kids apps, entertainment, artistic experiments","✓ Full","✓ Full","⚡ Excellent","✓ WCAG AAA","✓ High","◐ Medium","React Native 10/10, SwiftUI 10/10","Modern Editorial",Low,"Design a mobile Swiss Modernist interface. Use a tight 8-16 column grid, prioritize typography hierarchy, and keep colors neutral (B&W) with a single sharp accent. No shadows, no rounded corners. High readability and performance.","font-family: 'Inter', letter-spacing: -0.01em, border: 1px solid #000, border-radius: 0, padding: 1rem","☐ Tight 8-16 column grid, ☐ Typography-first hierarchy, ☐ Neutral B&W palette, ☐ No shadows/gradients, ☐ Sharp 0px corners verified, ☐ High performance lean UI","--grid-mobile: 8, --tracking-tight: -0.01em, --radius-none: 0px, --accent: #FF4500"
28,Cyber-Retro-Noir,Mobile,"Dark, neon, futuristic, gritty, high-tech, cinematic, glowing, tactical, immersive","Void Black #050505, Deep Purple #2E1065","Neon Green #22C55E, Amber #F59E0B","Glowing text (neon), scanlines, grain/noise texture, cinematic transitions (fade-to-black), high-contrast data, tactical overlays","Gaming, crypto, cyber-security apps, cinematic storytelling, tech-noir branding","Healthcare, wellness, conservative corporate, children apps, general consumer","✗ Poor","✓ Full","⚠ Moderate","⚠ High cognitive load","✓ High","◐ Medium","React Native 9/10, Expo 10/10","Sci-Fi Noir",High,"Design a Cyber-Retro-Noir mobile UI. Use a void black background with deep purple and neon green accents. Include grain/noise textures, scanlines, and glowing neon text. High-contrast tactical overlays and cinematic transitions.","background-color: #050505, text-shadow: 0 0 8px #22C55E, filter: contrast(1.2) brightness(0.8)","☐ Void black #050505 background, ☐ Neon green/purple accents, ☐ Grain/noise texture visible, ☐ Scanlines/distress effects, ☐ Cinematic fade transitions, ☐ Tactical high-tech feel","--bg-void: #050505, --neon-glow: #22C55E, --texture-grain: 0.1, --brightness: 0.8"
29,Soft UI (Touch-First),Mobile,"Approachable, soft, rounded (32px+), pastel, white space, thumb-friendly, calm, minimal","Lavender #8B5CF6, Sky Blue #38BDF8","Pure White #FFFFFF, Muted Slate #F1F5F9","Soft multi-layer shadows, slow transitions (400ms), massive rounded corners (32px+), high white space, simplified inputs","Wellness apps, parenting tools, education, approachable SaaS, home automation, lifestyle","Trading, technical tools, brutalist brands, industrial apps, high-density data","✓ Full","◐ Partial","⚡ Good","✓ High","✓ High","✓ High","React Native 10/10, SwiftUI 10/10","2020s Modern",Low,"Design a soft touch-first mobile UI. Use large rounded corners (32px+), pastel colors, and soft shadows. Transitions should be calm (400ms). Focus on high white space and thumb-friendly navigation. Approachable and friendly.","border-radius: 32px, box-shadow: 0 10px 30px rgba(0,0,0,0.05), padding: 1.5rem, background: #FFF","☐ Large rounded corners 32px+, ☐ Soft pastel color palette, ☐ Multi-layer soft shadows, ☐ High white space verified, ☐ Thumb-friendly navigation, ☐ Calm transitions 400ms","--radius-touch: 32px, --shadow-soft: 0 10px 30px rgba(0,0,0,0.05), --primary-pastel: #8B5CF6, --easing-calm: 400ms"
30,Data-Dense Tactical HUD,Mobile,"Precision, technical, data-heavy, military, HUD, dark mode, high-contrast, compact, efficient","Pure Black #000000, Tactical Green #22C55E","Amber #F59E0B, Slate 900 #0F172A","Micro-grids (4-8px), glowing borders (1px), rapid data streaming, corner brackets, monospace fonts, fast transitions (100ms)","Trading platforms, cybersecurity mobile, IoT monitoring, flight/navigation tools, complex data apps","General consumer apps, lifestyle, marketing landing pages, children apps, minimal creative","✗ Poor","✓ Full","⚡ Excellent","⚠ High density complexity","✓ High","✓ High","React Native 10/10, Expo 10/10","Military/Technical",Medium,"Design a data-dense tactical HUD for mobile. Use pure black background with tactical green and amber accents. Include micro-grids, corner brackets, and glowing borders. Prioritize data density and rapid updates with monospace fonts.","font-family: 'JetBrains Mono', background: #000, border: 1px solid #22C55E, density: tight","☐ Tactical green/amber on black, ☐ Micro-grid structure (4-8px), ☐ Monospace data fonts verified, ☐ Corner brackets on data cards, ☐ Data density maximized, ☐ Rapid 100ms transitions","--bg-tactical: #000, --accent-green: #22C55E, --grid-size: 8px, --font-mono: JetBrains Mono"
31,Bento Box Mobile,Mobile,"Modular, cards, structured, clean, Apple-style, hierarchy, responsive, modern, tactile","Neutral Palette (White/Black)","Brand Primary accent","Modular bento grid, rounded corners (16-20px), subtle shadow (lift), scale 0.98 on press, consistent spacing (12px)","Mobile dashboards, profile pages, feature navigation, product catalogues, settings, landing screens","Long-form reading, storytelling-first, minimal editorial, high-density tables","✓ Full","✓ Full","⚡ Excellent","✓ High","✓ High (Thumb Zone)","✓ High","React Native 10/10, SwiftUI 10/10","2020s Apple-style",Low,"Design a Bento Box mobile layout. Use modular cards with rounded corners (16-20px). Cards should have a subtle lift shadow. Add a scale 0.98 effect on press. Ensure 12px consistent spacing throughout. Apple-inspired structure.","display: flex, flex-direction: column, gap: 12px, border-radius: 20px, box-shadow: 0 4px 6px rgba(0,0,0,0.05)","☐ Modular bento cards verified, ☐ Consistent spacing 12px, ☐ Rounded corners 16-20px, ☐ Subtle lift shadow on cards, ☐ Press scale 0.98 verified, ☐ Modern Apple-style structure","--radius-bento: 20px, --spacing-grid: 12px, --shadow-lift: 0 4px 6px, --press-scale: 0.98"
32,Accessible & Ethical (Mobile),Mobile,"Universal design, high contrast, large text, clear icons, inclusive, safe, readable, simple","High-Contrast Palette (WCAG 7:1)","Accessible Neutrals","Large touch targets (48px+), zero dark patterns, clear focus states, legible fonts (18px+), high-contrast borders","Healthcare apps, government mobile tools, utilities, elder-care, accessibility-first platforms","Entertainment-only, experimental creative, gaming, high-speed trading tools","✓ Full","✓ Full","⚡ Excellent","✓ WCAG AAA","✓ High","◐ Medium","React Native 10/10, Expo 10/10","2020s Standard",Low,"Design an accessibility-first mobile UI. Prioritize high contrast (7:1), large touch targets (48px+), and legible font sizes (18px+). Ensure focus states are extremely visible and there are zero dark patterns. Simple and inclusive.","font-size: 1.125rem, line-height: 1.5, touch-target: 48px, border: 2px solid primary, focus-ring: 3px","☐ WCAG AAA contrast 7:1, ☐ Touch targets ≥ 48x48px, ☐ Legible font size 18px+, ☐ No dark patterns verified, ☐ High-visibility focus states, ☐ Inclusive simple navigation","--min-touch: 48px, --font-size-base: 18px, --contrast-goal: 7:1, --border-focus: 3px"
33,Organic (Fluid Mobile),Mobile,"Soft, natural, flowing, curved, earthy, sustainable, approachable, calm, eco, smooth","Leaf Green #22C55E, Earth Brown #78350F","Sky Blue #38BDF8, Soft Neutrals","Morphing SVG shapes, smooth fluid easing (600ms), curved containers (radius 40px+), natural textures, subtle parallax","Eco-friendly brands, wellness apps, agriculture tools, meditation apps, sustainable marketing","Fintech, cybersecurity, industrial tools, high-speed dashboards, technical products","✓ Full","◐ Partial","⚡ Good","✓ High","✓ High","◐ Medium","React Native 9/10, SVG 10/10","2020s Modern",Medium,"Design a fluid organic mobile UI. Use nature-inspired colors, morphing SVG shapes, and very large rounded corners (40px+). Transitions should be fluid and smooth (600ms). Natural and sustainable feel.","border-radius: 40px, clip-path: url(#fluid-shape), background: #F0FDF4, transition: all 0.6s ease","☐ Nature-inspired palette, ☐ Large rounded corners 40px+, ☐ Morphing SVG fluid shapes, ☐ Smooth easing 600ms, ☐ Natural sustainable feel, ☐ Approachable calm tone","--radius-fluid: 40px, --easing-fluid: 0.6s, --color-nature: #22C55E"
34,High-End Minimal (Mobile),Mobile,"Luxury, elegant, exclusive, premium, monochromatic, gold accent, clean, spacious, structured","Black #000000, White #FFFFFF","Gold #D4AF37, Silver #C0C0C0","High-contrast monochrome, ultra-sharp edges (0px), 1px borders, typography-first, smooth transitions (500ms), luxury haptics","Luxury e-commerce, premium brands, high-end portfolios, exclusive services, boutique apps","Budget brands, playful consumer tools, kids apps, data-dense dashboards","✓ Full","✓ Full","⚡ Excellent","✓ High","✓ High","✓ High","React Native 10/10, SwiftUI 10/10","Premium 2020s",Low,"Design a high-end minimal mobile UI. Use monochromatic colors with a single gold/silver accent. Maintain ultra-sharp edges (0px) and clean 1px borders. Focus on typography and massive white space. Premium and exclusive feel.","font-family: 'Playfair Display', letter-spacing: -0.02em, border: 1px solid #000, border-radius: 0, padding: 2rem","☐ Monochromatic palette + gold accent, ☐ Sharp 0px corners verified, ☐ Clean 1px borders, ☐ High-end typography focus, ☐ Massive white space, ☐ Exclusive premium tone","--radius-none: 0px, --border-luxury: 1px solid #000, --accent-gold: #D4AF37, --font-luxury: Playfair Display"
35,Kinetic Brutalism,General,"Aggressive, high-energy, marquee, motion, bold, black/white, yellow, raw, impact, loud","Acid Yellow #DFE104, Pure Black #000000","White #FFFFFF, Pink #FF00FF","Infinite marquee loops, rapid color flips, hover flood inversion, 0px radius, 2px borders, haptic feedback, massive display type","Creative agencies, brand flagships, underground culture, performance apps, sports, events","Healthcare, finance, kids apps, calm informational platforms, government, conservative","✗ Poor","✓ Full","⚡ Excellent","⚠ Motion sensitive","✓ High","✓ High","Tailwind 10/10, Framer Motion 10/10, Reanimated 10/10","2020s Kinetic",High,"Design a Kinetic Brutalist interface. Use Acid Yellow #DFE104 and Pure Black. Include infinite marquee loops, rapid color flips (flood inversion) on interaction, 0px radius, and thick 2px borders. Aggressive, loud, and high-energy feel.","background-color: #000, color: #DFE104, border: 2px solid #DFE104, font-weight: 900, text-transform: uppercase","☐ Acid yellow/black primary palette, ☐ Infinite marquee loops implemented, ☐ Color flood inversion on interaction, ☐ Massive display type 900+, ☐ 0px sharp corners verified, ☐ High energy aggressive tone","--bg-kinetic: #000, --accent-acid: #DFE104, --border-width: 2px, --font-weight: 900"
36,Spatial UI (visionOS-Style),General,"Glassmorphism, depth, 3D, visionOS, frosted glass, ambient lighting, spatial, modern, translucent","Translucent White (rgba 255,255,255,0.1)","System Blue #007AFF, Neutral Grey","Backdrop blur (30px), thick borders (1px rgba white 0.2), ambient shadows (large), hover state (light glow), spatial depth (z-index)","visionOS apps, VR/AR interfaces, futuristic SaaS, premium dashboards, immersive tools","Low-end mobile, performance-critical, data-dense technical tools, minimal brutalist sites","◐ Partial","✓ Full","❌ Poor","⚠ Text contrast risk","◐ Medium","✓ High","Tailwind 8/10, Vision Pro Libs 10/10","2020s Spatial Era",High,"Design a spatial UI (visionOS-style). Use frosted glass with 30px backdrop blur, thick translucent borders, and ambient shadows. Focus on depth (z-index) and ambient lighting. Interactions should feel spatial and immersive.","backdrop-filter: blur(30px), background: rgba(255,255,255,0.1), border: 1px solid rgba(255,255,255,0.2), box-shadow: 0 40px 80px rgba(0,0,0,0.3)","☐ Frosted glass backdrop blur 30px, ☐ Spatial depth (layered cards), ☐ Ambient lighting/shadows verified, ☐ Thick translucent borders, ☐ High-end spatial feel, ☐ visionOS-inspired aesthetic","--blur-spatial: 30px, --glass-bg: rgba(255,255,255,0.1), --shadow-ambient: 0 40px 80px"
37,Brutalism (Digital Noir),General,"Gritty, high-contrast, black/white, grain, noise, raw, industrial, structured, impactful","Monochromatic (Black/White)","Deep Grey #121212, Warning Red #FF0000","Noise/grain texture, high contrast (1.5x), sharp corners (0px), bold sans-serif, rapid transitions (100ms), 2px borders","Tech blogs, creative portfolios, underground brands, dev tools, artistic platforms","Healthcare, wellness, conservative corporate, children apps, general consumer","✗ Poor","✓ Full","⚡ Excellent","✓ High","✓ High","◐ Medium","Tailwind 10/10, CSS 10/10","Digital Brutalism",Low,"Design a Digital Noir Brutalist UI. Use monochromatic black & white with noise/grain textures. High contrast (1.5x), sharp 0px corners, and thick 2px borders. Bold typography and rapid transitions. Industrial and gritty feel.","background-color: #000, color: #FFF, filter: contrast(1.5) url(#noise), border: 2px solid #FFF, font-weight: 700","☐ Monochromatic palette verified, ☐ Noise/grain texture visible, ☐ High contrast 1.5x, ☐ Sharp 0px corners verified, ☐ Thick 2px borders used, ☐ Gritty industrial tone","--bg-noir: #000, --fg-noir: #FFF, --contrast-noir: 1.5, --border-noir: 2px solid #FFF"
38,Neo-Skeuomorphism,General,"Tactile, depth, shadows, realistic, modern skeuomorphic, soft, rounded, clickable, physical","Brand Primary (High Saturation)","Soft Grey #F0F0F0, White #FFFFFF","Multi-layer shadows (inner+outer), gradients (4-6 stops), tactile feedback, spring motion, realistic textures (subtle)","Creative apps, gaming, lifestyle products, premium dashboards, tactile utility tools","Data-dense enterprise, performance-critical, minimal editorial, high-speed trading","✓ Full","◐ Partial","⚠ Moderate","⚠ Complex contrast","✓ High","✓ High","Tailwind 8/10, CSS 10/10","Modern Skeuomorphic",Medium,"Design a neo-skeuomorphic interface. Focus on tactile depth using multi-layer shadows and complex gradients. Interactions should feel physical and satisfy with spring motion. Subtle realistic textures for a modern skeuomorphic feel.","box-shadow: 0 10px 20px rgba(0,0,0,0.1), inset 0 2px 4px rgba(255,255,255,0.8), linear-gradient(145deg, #fff, #eee)","☐ Tactile depth (inner+outer shadows), ☐ Complex gradients (4-6 stops), ☐ Spring motion verified, ☐ Tactile feedback on press, ☐ Realistic textures (subtle) used, ☐ High-end physical feel","--shadow-tactile: 0 10px 20px, --gradient-depth: linear-gradient, --spring-tactile: spring"
39,Hyper-Modern SaaS,General,"Indigo/violet, gradient, clean, professional, high-performance, polished, approachable, SaaS","Indigo #6366F1, Violet #8B5CF6","Slate Grey #64748B, Success Green #10B981","Subtle gradients, soft shadows (Indigo tint), rounded corners (12px), fast interactions (150ms), skeletal loading, clean hierarchy","B2B SaaS, developer tools, professional platforms, modern dashboards, tech startups","Creative portfolios, entertainment, kids apps, brutalist brands, artistic sites",✓ Full,✓ Full,⚡ Excellent,✓ High,✓ High,✓ High,"Tailwind 10/10, Next.js 10/10, MUI 9/10",2020s SaaS Standard,Low,"Design a hyper-modern SaaS UI. Use Indigo/Violet gradients, clean professional typography, and polished high-performance layouts. Include subtle shadows with an Indigo tint and rounded corners (12px). Approachable but high-tech feel.","background-color: #F8FAFC, color: #1E293B, border-radius: 12px, border: 1px solid #E2E8F0, accent: #6366F1","☐ Indigo/Violet gradient palette, ☐ Clean professional SaaS feel, ☐ Rounded corners 12px verified, ☐ Subtle Indigo-tinted shadows, ☐ Polished high-performance layout, ☐ Approachable tech tone","--primary-saas: #6366F1, --radius-saas: 12px, --shadow-indigo: 0 10px 20px rgba(99,102,241,0.1)"
40,Zen Minimalism,General,"Calm, focus, white space, slow motion, beige, muted, soft, simplified, peaceful","Beige #F5F5F0, Sage #9C9F84","Muted Charcoal #333333, Warm White","Slow fade-in (1s), massive white space, minimal elements (3-5 per screen), simplified typography, zen calm","Meditation apps, wellness sites, minimal lifestyle brands, reading-focused platforms, portfolios","E-commerce, trading, high-energy gaming, news sites, complex dashboards",✓ Full,✗ Poor,⚡ Excellent,✓ High,✓ High,◐ Medium,"Tailwind 10/10, CSS 10/10","Minimal Lifestyle",Low,"Design a zen minimalist interface. Prioritize massive white space and a calm beige/sage palette. Elements should be extremely minimal (3-5 per screen). Use slow transitions (1s+) and simplified typography. Peaceful and focused feel.","background-color: #F5F5F0, color: #333, padding: 4rem, opacity: 0.9, transition: opacity 1s","☐ Massive white space verified, ☐ Beige/sage calm palette, ☐ Minimal elements (3-5 per screen), ☐ Slow transitions 1s+, ☐ Simplified clean typography, ☐ Peaceful zen feel","--bg-zen: #F5F5F0, --color-sage: #9C9F84, --transition-zen: 1s, --spacing-zen: 4rem"
41,Cyber-Industrial,General,"Hard edges, tactical, dark mode, high-contrast, mechanical, grid-based, functional, raw","Pure Black #000000, Industrial Yellow #FACC15","Deep Grey #121212, Alert Red #EF4444","Hard corners (0px), 2px solid borders, visible screws/brackets (SVG), data-dense, rapid interactions, terminal fonts","Dev tools, cybersecurity platforms, complex dashboards, high-tech industrial, technical apps","Lifestyle apps, wellness, e-commerce, children apps, minimal creative",✗ Poor,✓ Full,⚡ Excellent,✓ High,✓ High,✓ High,"Tailwind 10/10, CSS 10/10","Industrial Cyberpunk",Low,"Design a cyber-industrial UI. Use hard 0px corners, industrial yellow and black, and 2px solid borders. Include visible mechanical elements like brackets or screws (SVG). Data-dense and high-contrast functional feel.","background-color: #000, color: #FACC15, border: 2px solid #FACC15, font-family: 'JetBrains Mono'","☐ Hard 0px corners verified, ☐ Industrial yellow/black palette, ☐ 2px solid borders used, ☐ Mechanical SVG elements included, ☐ Data-dense functional layout, ☐ High-tech industrial tone","--bg-industrial: #000, --accent-industrial: #FACC15, --border-width: 2px"
42,Retro-Digital (90s),General,"Nostalgic, 90s, grey, bevel, default system, blue links, pixel, Windows 95, tech-retro","Grey #C0C0C0, Blue #0000FF","White #FFFFFF (highlights), Dark Grey #808080 (shadows)","Beveled borders (outer/inner), pixelated iconography, default system fonts (MS Sans Serif), instant feedback, blue underlined links","Nostalgic sites, niche tech blogs, dev tools, artistic projects, counter-culture brands","Modern SaaS, healthcare, finance, premium luxury, general consumer apps",✓ Full,✗ Poor,⚡ Excellent,✓ High,✓ High,✗ Low,"Tailwind 8/10, CSS 10/10","90s Computing",Low,"Design a 90s retro-digital interface. Use the Windows 95 grey palette, beveled borders, default system fonts, and blue underlined links. Pixelated icons and instant interaction feedback. Nostalgic tech feel.","background-color: #C0C0C0, border: 2px outset #fff, font-family: 'MS Sans Serif', color: #000","☐ 90s grey palette #C0C0C0, ☐ Beveled borders (outset/inset), ☐ Default system fonts MS Sans Serif, ☐ Blue underlined links used, ☐ Pixelated iconography included, ☐ Nostalgic 90s tech feel","--bg-90s: #C0C0C0, --border-bevel: 2px outset #fff, --blue-link: #0000FF"
43,Modern Dark (Cinema Mobile),Mobile,"Deep black, cinematic, ambient light, premium, immersive, minimal, smooth, high-end, mobile","Pure Black #000000, Deep Indigo #1E1B4B","Vibrant Accent (Pink/Cyan), White #FFFFFF (text)","Ambient glow effects, smooth fade-to-black transitions, high-contrast imagery, minimal chrome, premium haptics, OLED optimized","Entertainment apps, cinema/video platforms, premium lifestyle brands, high-end mobile portfolios","General SaaS, data-dense tools, utility apps, children apps, daylight-only tools",✗ Poor,✓ Full,⚡ Good,✓ High,✓ High,✓ High,"React Native 10/10, Expo 10/10",2020s Cinematic,Medium,"Design a modern cinematic dark mode mobile UI. Use pure black background with deep indigo and vibrant accents. Include ambient glow effects and smooth fade transitions. OLED-optimized and premium immersive feel.","background-color: #000, color: #FFF, box-shadow: 0 0 20px rgba(99,102,241,0.2), transition: opacity 0.4s","☐ Pure black background OLED-ready, ☐ Cinematic ambient glow effects, ☐ Vibrant neon-tinted accents, ☐ Smooth fade-to-black transitions, ☐ Minimal chrome verified, ☐ Premium immersive tone","--bg-cinema: #000, --accent-glow: rgba(99,102,241,0.2), --transition-cinema: 0.4s"
44,Playful (Cartoon Mobile),Mobile,"Colorful, rounded, bubbly, friendly, animated, kids, energetic, vibrant, simple, accessible","Bright Blue #3B82F6, Sun Yellow #FACC15","Vivid Pink #F472B6, Lime Green #A3E635","Bouncing animations, large rounded corners (24px+), thick borders (optional), playful icons, rapid interactive feedback","Children apps, educational mobile, casual gaming, playful consumer brands, youth-focused apps","Formal finance, healthcare (doctors), enterprise, government, luxury brands",✓ Full,✗ Poor,⚠ Moderate,✓ High,✓ High,✓ High,"React Native 10/10, Expo 10/10","Playful 2020s",Medium,"Design a playful cartoon-style mobile UI. Use bright primary colors, massive rounded corners (24px+), and bubbly animations. Focus on friendly icons and rapid interactive feedback. Energetic and approachable for kids/youth.","border-radius: 24px, background-color: #FACC15, transform: scale(1.1) on hover, transition: transform 0.2s cubic-bezier(0.175, 0.885, 0.32, 1.275)","☐ Bright primary color palette, ☐ Massive rounded corners 24px+, ☐ Bouncy/playful animations verified, ☐ Friendly cartoonish iconography, ☐ Energetic approachable feel, ☐ Rapid interactive feedback","--radius-playful: 24px, --bounce-easing: cubic-bezier(0.175, 0.885, 0.32, 1.275), --color-sun: #FACC15"
45,Tactical Mobile HUD,Mobile,"Precision, technical, data-heavy, military, HUD, dark mode, high-contrast, compact, efficient","Pure Black #000000, Tactical Green #22C55E","Amber #F59E0B, Slate 900 #0F172A","Micro-grids (4-8px), glowing borders (1px), rapid data streaming, corner brackets, monospace fonts, fast transitions (100ms)","Trading platforms, cybersecurity mobile, IoT monitoring, flight/navigation tools, complex data apps","General consumer apps, lifestyle, marketing landing pages, children apps, minimal creative","✗ Poor","✓ Full","⚡ Excellent","⚠ High density complexity","✓ High","✓ High","React Native 10/10, Expo 10/10","Military/Technical",Medium,"Design a data-dense tactical HUD for mobile. Use pure black background with tactical green and amber accents. Include micro-grids, corner brackets, and glowing borders. Prioritize data density and rapid updates with monospace fonts.","font-family: 'JetBrains Mono', background: #000, border: 1px solid #22C55E, density: tight","☐ Tactical green/amber on black, ☐ Micro-grid structure (4-8px), ☐ Monospace data fonts verified, ☐ Corner brackets on data cards, ☐ Data density maximized, ☐ Rapid 100ms transitions","--bg-tactical: #000, --accent-green: #22C55E, --grid-size: 8px, --font-mono: JetBrains Mono"
46,Bento Grid Mobile,Mobile,"Modular, cards, structured, clean, Apple-style, hierarchy, responsive, modern, tactile","Neutral Palette (White/Black)","Brand Primary accent","Modular bento grid, rounded corners (16-20px), subtle shadow (lift), scale 0.98 on press, consistent spacing (12px)","Mobile dashboards, profile pages, feature navigation, product catalogues, settings, landing screens","Long-form reading, storytelling-first, minimal editorial, high-density tables","✓ Full","✓ Full","⚡ Excellent","✓ High","✓ High (Thumb Zone)","✓ High","React Native 10/10, SwiftUI 10/10","2020s Apple-style",Low,"Design a Bento Box mobile layout. Use modular cards with rounded corners (16-20px). Cards should have a subtle lift shadow. Add a scale 0.98 effect on press. Ensure 12px consistent spacing throughout. Apple-inspired structure.","display: flex, flex-direction: column, gap: 12px, border-radius: 20px, box-shadow: 0 4px 6px rgba(0,0,0,0.05)","☐ Modular bento cards verified, ☐ Consistent spacing 12px, ☐ Rounded corners 16-20px, ☐ Subtle lift shadow on cards, ☐ Press scale 0.98 verified, ☐ Modern Apple-style structure","--radius-bento: 20px, --spacing-grid: 12px, --shadow-lift: 0 4px 6px, --press-scale: 0.98"
47,Accessible Mobile (Standard),Mobile,"Universal design, high contrast, large text, clear icons, inclusive, safe, readable, simple","High-Contrast Palette (WCAG 7:1)","Accessible Neutrals","Large touch targets (48px+), zero dark patterns, clear focus states, legible fonts (18px+), high-contrast borders","Healthcare apps, government mobile tools, utilities, elder-care, accessibility-first platforms","Entertainment-only, experimental creative, gaming, high-speed trading tools","✓ Full","✓ Full","⚡ Excellent","✓ WCAG AAA","✓ High","◐ Medium","React Native 10/10, Expo 10/10","2020s Standard",Low,"Design an accessibility-first mobile UI. Prioritize high contrast (7:1), large touch targets (48px+), and legible font sizes (18px+). Ensure focus states are extremely visible and there are zero dark patterns. Simple and inclusive.","font-size: 1.125rem, line-height: 1.5, touch-target: 48px, border: 2px solid primary, focus-ring: 3px","☐ WCAG AAA contrast 7:1, ☐ Touch targets ≥ 48x48px, ☐ Legible font size 18px+, ☐ No dark patterns verified, ☐ High-visibility focus states, ☐ Inclusive simple navigation","--min-touch: 48px, --font-size-base: 18px, --contrast-goal: 7:1, --border-focus: 3px"
48,Organic Fluid Mobile,Mobile,"Soft, natural, flowing, curved, earthy, sustainable, approachable, calm, eco, smooth","Leaf Green #22C55E, Earth Brown #78350F","Sky Blue #38BDF8, Soft Neutrals","Morphing SVG shapes, smooth fluid easing (600ms), curved containers (radius 40px+), natural textures, subtle parallax","Eco-friendly brands, wellness apps, agriculture tools, meditation apps, sustainable marketing","Fintech, cybersecurity, industrial tools, high-speed dashboards, technical products","✓ Full","◐ Partial","⚡ Good","✓ High","✓ High","◐ Medium","React Native 9/10, SVG 10/10","2020s Modern",Medium,"Design a fluid organic mobile UI. Use nature-inspired colors, morphing SVG shapes, and very large rounded corners (40px+). Transitions should be fluid and smooth (600ms). Natural and sustainable feel.","border-radius: 40px, clip-path: url(#fluid-shape), background: #F0FDF4, transition: all 0.6s ease","☐ Nature-inspired palette, ☐ Large rounded corners 40px+, ☐ Morphing SVG fluid shapes, ☐ Smooth easing 600ms, ☐ Natural sustainable feel, ☐ Approachable calm tone","--radius-fluid: 40px, --easing-fluid: 0.6s, --color-nature: #22C55E"
49,High-End Minimal Mobile,Mobile,"Luxury, elegant, exclusive, premium, monochromatic, gold accent, clean, spacious, structured","Black #000000, White #FFFFFF","Gold #D4AF37, Silver #C0C0C0","High-contrast monochrome, ultra-sharp edges (0px), 1px borders, typography-first, smooth transitions (500ms), luxury haptics","Luxury e-commerce, premium brands, high-end portfolios, exclusive services, boutique apps","Budget brands, playful consumer tools, kids apps, data-dense dashboards","✓ Full","✓ Full","⚡ Excellent","✓ High","✓ High","✓ High","React Native 10/10, SwiftUI 10/10","Premium 2020s",Low,"Design a high-end minimal mobile UI. Use monochromatic colors with a single gold/silver accent. Maintain ultra-sharp edges (0px) and clean 1px borders. Focus on typography and massive white space. Premium and exclusive feel.","font-family: 'Playfair Display', letter-spacing: -0.02em, border: 1px solid #000, border-radius: 0, padding: 2rem","☐ Monochromatic palette + gold accent, ☐ Sharp 0px corners verified, ☐ Clean 1px borders, ☐ High-end typography focus, ☐ Massive white space, ☐ Exclusive premium tone","--radius-none: 0px, --border-luxury: 1px solid #000, --accent-gold: #D4AF37, --font-luxury: Playfair Display"
50,Kinetic Brutalism Web,General,"Aggressive, high-energy, marquee, motion, bold, black/white, yellow, raw, impact, loud","Acid Yellow #DFE104, Pure Black #000000","White #FFFFFF, Pink #FF00FF","Infinite marquee loops, rapid color flips, hover flood inversion, 0px radius, 2px borders, haptic feedback, massive display type","Creative agencies, brand flagships, underground culture, performance apps, sports, events","Healthcare, finance, kids apps, calm informational platforms, government, conservative","✗ Poor","✓ Full","⚡ Excellent","⚠ Motion sensitive","✓ High","✓ High","Tailwind 10/10, Framer Motion 10/10, Reanimated 10/10","2020s Kinetic",High,"Design a Kinetic Brutalist interface. Use Acid Yellow #DFE104 and Pure Black. Include infinite marquee loops, rapid color flips (flood inversion) on interaction, 0px radius, and thick 2px borders. Aggressive, loud, and high-energy feel.","background-color: #000, color: #DFE104, border: 2px solid #DFE104, font-weight: 900, text-transform: uppercase","☐ Acid yellow/black primary palette, ☐ Infinite marquee loops implemented, ☐ Color flood inversion on interaction, ☐ Massive display type 900+, ☐ 0px sharp corners verified, ☐ High energy aggressive tone","--bg-kinetic: #000, --accent-acid: #DFE104, --border-width: 2px, --font-weight: 900"
